Función,Mejor Fitness
sphere,13.25475407201278
ackley,13.579575061066974
griewank,40.10982542378324
rastrigin,88.21852978939229
rosenbrock,163.3965143779696
