Función,Mejor Fitness
sphere,23.989553604462802
ackley,19.779748701601758
griewank,46.14821149765757
rastrigin,89.86132936361895
rosenbrock,233.73822186705712
