Función,Mejor Fitness
sphere,14.403772953361097
ackley,18.684593558521982
griewank,53.149328521123664
rastrigin,87.04856735957104
rosenbrock,223.2720051875608
