Función,Mejor Fitness
sphere,13.747806455142086
ackley,19.47575865196008
griewank,31.898366380461866
rastrigin,84.72595619115994
rosenbrock,333.13792362575595
