Función,Mejor Fitness
sphere,1.159110596886576
ackley,15.38163540791072
griewank,6.043939905878286
rastrigin,71.02110088052383
rosenbrock,35.40088145212383
