Función,Mejor Fitness
sphere,0.0009170550395914655
ackley,0.5616532005741619
griewank,0.8566168730668338
rastrigin,40.979342480827086
rosenbrock,4.600713094888404
