Función,Mejor Fitness
sphere,0.6330084006218687
ackley,13.238380017795539
griewank,8.791419117207083
rastrigin,34.41224551294168
rosenbrock,52.053795275324006
