Función,Mejor Fitness
sphere,0.0015365845111800522
ackley,0.688631464395542
griewank,0.8542072351119606
rastrigin,48.225576871269865
rosenbrock,6.069392556304307
