Función,Mejor Fitness
sphere,1.8822455468429722
ackley,11.958625920242238
griewank,6.015514883549364
rastrigin,73.8945696467903
rosenbrock,58.369054794588976
