Función,Mejor Fitness
sphere,0.0007809505398437139
ackley,0.5319397191457145
griewank,0.8524884692137616
rastrigin,36.449671931308096
rosenbrock,4.81375272228621
