Función,Mejor Fitness
sphere,11.228794355688182
ackley,19.15490065208646
griewank,64.81339971499419
rastrigin,85.68100341200577
rosenbrock,593.80941765793
